{
  "project_info": {
    "project_number": "103283849191",
    "firebase_url": "https://project-fafed.firebaseio.com",
    "project_id": "project-fafed",
    "storage_bucket": "project-fafed.appspot.com"
  },
  "client": [
    {
      "client_info": {
        "mobilesdk_app_id": "1:103283849191:android:a262707188ef03d031af42",
        "android_client_info": {
          "package_name": "com.example.project"
        }
      },
      "oauth_client": [
        {
          "client_id": "103283849191-7380uip1i3rqqe11pug37pq9g3c1hi25.apps.googleusercontent.com",
          "client_type": 1,
          "android_info": {
            "package_name": "com.example.project",
            "certificate_hash": "cd31bb4b64e09ed5c42e067479f550b5b94e8047"
          }
        },
        {
          "client_id": "103283849191-gi185rtqj9hpscgslibt51345jm04bhk.apps.googleusercontent.com",
          "client_type": 3
        }
      ],
      "api_key": [
        {
          "current_key": "AIzaSyC_TQex1MM6sgff2eBeG12y6XPDSzofl_Q"
        }
      ],
      "services": {
        "appinvite_service": {
          "other_platform_oauth_client": [
            {
              "client_id": "103283849191-gi185rtqj9hpscgslibt51345jm04bhk.apps.googleusercontent.com",
              "client_type": 3
            }
          ]
        }
      }
    }
  ],
  "configuration_version": "1"
}